{
  "totalFiles": 40278,
  "totalDirectories": 4920,
  "maxDepth": 12,
  "filesByExtension": {
    ".none": 2678,
    ".sample": 14,
    ".0": 5,
    ".1": 3,
    ".json": 2446,
    ".md": 2050,
    ".cache": 2,
    ".dat": 2,
    ".bdic": 1,
    ".log": 351,
    ".old": 2,
    ".html": 63,
    ".pak": 58,
    ".so": 4,
    ".rtf": 14,
    ".txt": 172,
    ".code-snippets": 18,
    ".png": 76,
    ".svg": 102,
    ".cjs": 69,
    ".css": 66,
    ".ico": 2,
    ".ts": 5936,
    ".js": 19669,
    ".tmlanguage": 1,
    ".woff2": 20,
    ".wasm": 8,
    ".sh": 9,
    ".node": 5,
    ".yml": 153,
    ".mjs": 1086,
    ".woff": 1,
    ".asar": 1,
    ".ttf": 1,
    ".scm": 5,
    ".mp3": 31,
    ".scpt": 2,
    ".zsh": 4,
    ".fish": 1,
    ".ps1": 1,
    ".bin": 2,
    ".vsix": 1,
    ".map": 3797,
    ".back": 2,
    ".yaml": 7,
    ".cts": 49,
    ".mts": 945,
    ".jpeg": 1,
    ".cmd": 1,
    ".flow": 59,
    ".jst": 25,
    ".def": 5,
    ".docs": 1,
    ".markdown": 27,
    ".ls": 2,
    ".closure-compiler": 3,
    ".esprima": 3,
    ".bsd": 16,
    ".bnf": 18,
    ".php": 1,
    ".py": 59,
    ".xml": 5,
    ".iml": 1,
    ".lock": 3,
    ".nix": 1,
    ".template": 3,
    ".mustache": 1,
    ".info": 1,
    ".gypi": 1,
    ".ninja": 1,
    ".cc": 2,
    ".bat": 1,
    ".apache": 1,
    ".typed": 1,
    ".toml": 1,
    ".cs": 1,
    ".apache2": 2,
    ".mit": 2,
    ".coffee": 2,
    ".gif": 1,
    ".exe": 1,
    ".lcl": 78,
    ".cpp": 3,
    ".h": 5,
    ".tsbuildinfo": 4
  },
  "ratios": {
    "byExtension": {
      ".none": 6.6487909032226025,
      ".sample": 0.03475842891901286,
      ".0": 0.012413724613933166,
      ".1": 0.007448234768359899,
      ".json": 6.072794081136104,
      ".md": 5.089627091712598,
      ".cache": 0.004965489845573266,
      ".dat": 0.004965489845573266,
      ".bdic": 0.002482744922786633,
      ".log": 0.8714434678981081,
      ".old": 0.004965489845573266,
      ".html": 0.15641293013555788,
      ".pak": 0.1439992055216247,
      ".so": 0.009930979691146532,
      ".rtf": 0.03475842891901286,
      ".txt": 0.42703212671930085,
      ".code-snippets": 0.044689408610159395,
      ".png": 0.18868861413178412,
      ".svg": 0.25323998212423654,
      ".cjs": 0.17130939967227768,
      ".css": 0.16386116490391778,
      ".ico": 0.004965489845573266,
      ".ts": 14.737573861661451,
      ".js": 48.83310988629028,
      ".tmlanguage": 0.002482744922786633,
      ".woff2": 0.04965489845573266,
      ".wasm": 0.019861959382293064,
      ".sh": 0.022344704305079698,
      ".node": 0.012413724613933166,
      ".yml": 0.37985997318635484,
      ".mjs": 2.6962609861462834,
      ".woff": 0.002482744922786633,
      ".asar": 0.002482744922786633,
      ".ttf": 0.002482744922786633,
      ".scm": 0.012413724613933166,
      ".mp3": 0.07696509260638562,
      ".scpt": 0.004965489845573266,
      ".zsh": 0.009930979691146532,
      ".fish": 0.002482744922786633,
      ".ps1": 0.002482744922786633,
      ".bin": 0.004965489845573266,
      ".vsix": 0.002482744922786633,
      ".map": 9.426982471820846,
      ".back": 0.004965489845573266,
      ".yaml": 0.01737921445950643,
      ".cts": 0.12165450121654502,
      ".mts": 2.346193952033368,
      ".jpeg": 0.002482744922786633,
      ".cmd": 0.002482744922786633,
      ".flow": 0.14648195044441134,
      ".jst": 0.062068623069665825,
      ".def": 0.012413724613933166,
      ".docs": 0.002482744922786633,
      ".markdown": 0.06703411291523909,
      ".ls": 0.004965489845573266,
      ".closure-compiler": 0.007448234768359899,
      ".esprima": 0.007448234768359899,
      ".bsd": 0.03972391876458613,
      ".bnf": 0.044689408610159395,
      ".php": 0.002482744922786633,
      ".py": 0.14648195044441134,
      ".xml": 0.012413724613933166,
      ".iml": 0.002482744922786633,
      ".lock": 0.007448234768359899,
      ".nix": 0.002482744922786633,
      ".template": 0.007448234768359899,
      ".mustache": 0.002482744922786633,
      ".info": 0.002482744922786633,
      ".gypi": 0.002482744922786633,
      ".ninja": 0.002482744922786633,
      ".cc": 0.004965489845573266,
      ".bat": 0.002482744922786633,
      ".apache": 0.002482744922786633,
      ".typed": 0.002482744922786633,
      ".toml": 0.002482744922786633,
      ".cs": 0.002482744922786633,
      ".apache2": 0.004965489845573266,
      ".mit": 0.004965489845573266,
      ".coffee": 0.004965489845573266,
      ".gif": 0.002482744922786633,
      ".exe": 0.002482744922786633,
      ".lcl": 0.19365410397735738,
      ".cpp": 0.007448234768359899,
      ".h": 0.012413724613933166,
      ".tsbuildinfo": 0.009930979691146532
    },
    "testToCodeRatio": 1.7018482981517018
  }
}