{
  "totalFiles": 895,
  "totalDirectories": 374,
  "maxDepth": 9,
  "filesByExtension": {
    ".none": 68,
    ".json": 382,
    ".md": 57,
    ".cache": 2,
    ".dat": 2,
    ".bdic": 1,
    ".old": 2,
    ".html": 3,
    ".pak": 58,
    ".1": 1,
    ".rtf": 14,
    ".txt": 13,
    ".code-snippets": 18,
    ".png": 52,
    ".svg": 68,
    ".cjs": 1,
    ".css": 14,
    ".ico": 2,
    ".js": 18,
    ".tmlanguage": 1,
    ".woff2": 20,
    ".wasm": 2,
    ".sh": 2,
    ".node": 2,
    ".yml": 2,
    ".mjs": 4,
    ".woff": 1,
    ".asar": 1,
    ".bin": 2,
    ".vsix": 3,
    ".back": 2,
    ".ts": 72,
    ".tsbuildinfo": 4,
    ".yaml": 1
  },
  "ratios": {
    "byExtension": {
      ".none": 7.597765363128492,
      ".json": 42.68156424581006,
      ".md": 6.368715083798883,
      ".cache": 0.22346368715083798,
      ".dat": 0.22346368715083798,
      ".bdic": 0.11173184357541899,
      ".old": 0.22346368715083798,
      ".html": 0.33519553072625696,
      ".pak": 6.4804469273743015,
      ".1": 0.11173184357541899,
      ".rtf": 1.564245810055866,
      ".txt": 1.452513966480447,
      ".code-snippets": 2.011173184357542,
      ".png": 5.810055865921788,
      ".svg": 7.597765363128492,
      ".cjs": 0.11173184357541899,
      ".css": 1.564245810055866,
      ".ico": 0.22346368715083798,
      ".js": 2.011173184357542,
      ".tmlanguage": 0.11173184357541899,
      ".woff2": 2.2346368715083798,
      ".wasm": 0.22346368715083798,
      ".sh": 0.22346368715083798,
      ".node": 0.22346368715083798,
      ".yml": 0.22346368715083798,
      ".mjs": 0.44692737430167595,
      ".woff": 0.11173184357541899,
      ".asar": 0.11173184357541899,
      ".bin": 0.22346368715083798,
      ".vsix": 0.33519553072625696,
      ".back": 0.22346368715083798,
      ".ts": 8.044692737430168,
      ".tsbuildinfo": 0.44692737430167595,
      ".yaml": 0.11173184357541899
    },
    "testToCodeRatio": 0.11185682326621924
  }
}